,Baseline,leaky_ReLU,1 output channel,Global average pooling,Max pooling
Training,"[0.004143110580585806, 0.002198674270074683, 0.001683843296259139, 0.0013507552218787924, 0.0011382134771628285, 0.0009633288338896908]","[0.004752103338478044, 0.0022681667390341866, 0.0017149951646519529, 0.0013366765111691313, 0.0010790434892138535, 0.0009040990150330315]","[0.007852336273323567, 0.005271676173575969, 0.004369381778208095, 0.003979990455618198, 0.0036680928626447364, 0.003451755659981496]","[0.005438590473393958, 0.0022839387983953903, 0.0016220786428427388, 0.0011940528682511332, 0.0009487648487884054, 0.0007976968130353348]","[0.00474731847666418, 0.002131133937030398, 0.0019690016172428993, 0.001394494918979692, 0.0011054722554853927, 0.0009121701003737408]"
Validation,"[0.007324590990195226, 0.016214958094354498, 1.3497782427958391, 3.002191661349006, 0.5761948246540571, 3.3777336823456836]","[0.009480776641660433, 0.007112546530243693, 0.008613210978626492, 0.0051151223073437795, 0.007837818578680019, 0.010817125762449533]","[0.012549211973231408, 0.01401346086530658, 0.25864643209989097, 0.014222737643863172, 0.3628049201295558, 1.9236562560015789]","[0.006827862434420952, 0.06772353836630003, 0.16896320127183875, 0.023071393390486923, 0.16921625872056678, 0.0078032676916745085]","[0.006296387669361651, 0.3614489662815586, 0.46314742778824636, 1.4877762782675643, 0.7239917887350025, 0.5205662525774022]"
